"FirstName","LastName"
"Lydia","Andrews"
"James","Gray"
"Grace","Thompson"
"Byron","Evans"
"Bruce","Scott"
"Max","Hill"
"Audrey","Casey"
"Kimberly","Moore"
"Ryan","Cooper"
"Justin","Lloyd"
"Luke","Craig"
"Hailey","Evans"
"Adison","Walker"
"Lucia","Evans"
"Charlie","Turner"
"Reid","Williams"
"Ryan","Higgins"
"Albert","Owens"
"April","Evans"
"Adam","Davis"
"Chloe","Richards"
"John","Robinson"
"Adison","Spencer"
"Penelope","Hawkins"
"Grace","Wilson"
"Maddie","Morris"
"Elian","Clark"
"Alford","Ryan"
"Brad","Bennett"
"Justin","Dixon"
"Arnold","Parker"
"Connie","Moore"
"Clark","Miller"
"Michael","Ellis"
"Amelia","Sullivan"
"Eleanor","Craig"
"Charlotte","Farrell"
"Stuart","Taylor"
"Valeria","Riley"
"Jessica","Johnston"
"Marcus","Elliott"
"Alford","Smith"
"Richard","Robinson"
"Alisa","Tucker"
"Myra","Edwards"
"Michelle","Thompson"
"Kelvin","Richardson"
"Sofia","Wright"
"Grace","Gray"
"Vivian","Evans"
"Roman","Johnson"
"George","Kelley"
"Paige","Baker"
"Tiana","Casey"
"Adrianna","Barrett"
"Edward","Baker"
"Reid","West"
"Michael","Williams"
"Isabella","Smith"
"Caroline","Cameron"
"Olivia","Parker"
"Michael","Bailey"
"Vincent","Cooper"
"Kimberly","Montgomery"
"Byron","Hunt"
"Paige","Alexander"
"Lana","Wright"
"Adele","Clark"
"Adele","Armstrong"
"Carina","Barnes"
"Catherine","Elliott"
"Melissa","Barrett"
"Amy","Baker"
"Violet","Dixon"
"Lilianna","Myers"
"Sophia","Carroll"
"Aldus","Morgan"
"Nicholas","Anderson"
"Rafael","Bailey"
"Julia","Watson"
"Mary","Craig"
"Daisy","Stewart"
"Eric","Taylor"
"Frederick","Hamilton"
"Sienna","Casey"
"Paul","Wilson"
"Alan","Stevens"
"Spike","Parker"
"Miley","Adams"
"Rubie","Andrews"
"Penelope","Hill"
"Carl","Scott"
"Adelaide","Craig"
"Adele","Johnson"
"Marcus","Casey"
"Lenny","Ferguson"
"Charlie","Foster"
"Daisy","Taylor"
"Jasmine","Hunt"
"Alissa","Ferguson"
"Rosie","Walker"
"Victor","Owens"
"Kelvin","Ferguson"
"Arnold","Richardson"
"Abigail","Murphy"
"Paul","Tucker"
"Kimberly","Myers"
"Ryan","Parker"
"Evelyn","Ross"
"Kevin","Carter"
"Chloe","Perry"
"Robert","Bailey"
"Natalie","Gray"
"April","Payne"
"Paul","Chapman"
"Carlos","Miller"
"Owen","Hawkins"
"Cherry","Stevens"
"Emma","Carroll"
"Vivian","Higgins"
"Amelia","Wilson"
"Alberta","Harrison"
"Tiana","Phillips"
"Byron","Richardson"
"Rebecca","Johnston"
"Chester","Armstrong"
"Lyndon","Dixon"
"Valeria","Fowler"
"Vanessa","Turner"
"Byron","Farrell"
"Leonardo","Hamilton"
"Jared","Douglas"
"Alisa","Chapman"
"Lily","Nelson"
"Garry","Mitchell"
"Alford","Stewart"
"Brianna","Barnes"
"Lenny","Spencer"
"Belinda","Carroll"
"Nicholas","Nelson"
"Spike","Dixon"
"Marcus","Sullivan"
"Ashton","Thomas"
"Kristian","Gibson"
"Elian","Brooks"
"Kelsey","Morris"
"Ellia","Davis"
"Amy","Cameron"
"Wilson","Rogers"
"Daryl","Craig"
"Lily","Barnes"
"Kristian","Bennett"
"Valeria","Casey"
"Deanna","Perry"
"Amelia","Fowler"
"Daryl","Turner"
"Alina","Carroll"
"Edgar","Morgan"
"Harold","Watson"
"Alexander","Robinson"
"Julian","Gibson"
"Honey","Edwards"
"Charlotte","Owens"
"Kirsten","Bailey"
"Briony","Nelson"
"Kellan","Wright"
"Melanie","Spencer"
"Ted","Smith"
"Miranda","Johnston"
"Jacob","Hall"
"Grace","Richardson"
"Lucas","Parker"
"Lenny","Anderson"
"Patrick","Farrell"
"Preston","Wilson"
"Adison","Henderson"
"Alissa","Kelley"
"Sarah","Miller"
"Alen","Wilson"
"Myra","Armstrong"
"Elian","Harper"
"Carina","Baker"
"Tony","Owens"
"Eddy","Chapman"
"Sam","Stewart"
"Aldus","Wells"
"Sam","Mason"
"Adrianna","West"
"Fenton","Harrison"
"Chelsea","Montgomery"
"Ryan","Craig"
"Brianna","Morrison"
"Nicole","Wells"
"Carl","Craig"
"Fiona","Wright"
"Arthur","Cooper"
"Sawyer","Morris"
"Justin","Thomas"
"Penelope","Phillips"
"Luke","Sullivan"